name,source,logMstar_gal,g_minus_i,has_nsc,colour_class_fig3,host_type_fig3
fig03_0000,NGFS,6.9820998145341875,0.8999999761581421,False,red_sequence,early
fig03_0001,NGFS,7.08603022491932,1.5700000524520874,False,red_sequence,early
fig03_0002,NGFS,7.354940126538278,0.8600000143051147,False,red_sequence,early
fig03_0003,NGFS,5.851139883577825,0.6600000262260437,False,red_sequence,early
fig03_0004,NGFS,7.443379963159562,1.2200000286102295,False,red_sequence,early
fig03_0005,NGFS,6.888619930028916,0.7799999713897705,False,red_sequence,early
fig03_0006,NGFS,7.118360046029092,1.840000033378601,False,red_sequence,early
fig03_0007,NGFS,7.321879993677141,0.7200000286102295,False,red_sequence,early
fig03_0008,NGFS,6.662830049991609,0.7699999809265137,True,red_sequence,early
fig03_0009,NGFS,6.318720009863377,0.6800000071525574,False,red_sequence,early
fig03_0010,NGFS,7.1990700744390494,1.3300000429153442,False,red_sequence,early
fig03_0011,NGFS,6.328000030517579,1.0,False,red_sequence,early
fig03_0012,NGFS,5.651960145190358,0.23999999463558197,False,blue_cloud,late
fig03_0013,NGFS,6.372949796915056,1.0499999523162842,False,red_sequence,early
fig03_0014,NGFS,5.966610085904599,0.5899999737739563,False,red_sequence,early
fig03_0015,NGFS,6.114830095767976,0.7699999809265137,True,red_sequence,early
fig03_0016,NGFS,7.15156008708477,0.6399999856948853,True,red_sequence,early
fig03_0017,NGFS,7.0600000000000005,1.0,False,red_sequence,early
fig03_0018,NGFS,7.641370113134385,1.0299999713897705,True,red_sequence,early
fig03_0019,NGFS,7.124729869246484,0.8700000047683716,False,red_sequence,early
fig03_0020,NGFS,6.522829897403718,0.7699999809265137,False,red_sequence,early
fig03_0021,NGFS,7.403579958438874,1.0199999809265137,False,red_sequence,early
fig03_0022,NGFS,6.727670178890229,0.7300000190734863,False,red_sequence,early
fig03_0023,NGFS,7.131669888973237,0.7300000190734863,False,red_sequence,early
fig03_0024,NGFS,7.535780157983304,0.8199999928474426,False,red_sequence,early
fig03_0025,NGFS,6.588730189681054,0.8700000047683716,False,red_sequence,early
fig03_0026,NGFS,7.555779852807523,0.8199999928474426,False,red_sequence,early
fig03_0027,NGFS,6.7481999554038055,0.800000011920929,False,red_sequence,early
fig03_0028,NGFS,7.00588000893593,0.7200000286102295,False,red_sequence,early
fig03_0029,NGFS,6.836200062215329,0.800000011920929,False,red_sequence,early
fig03_0030,NGFS,5.3314299872070565,0.17000000178813934,False,blue_cloud,late
fig03_0031,NGFS,6.555030096948148,0.5699999928474426,False,red_sequence,early
fig03_0032,NGFS,6.3027200251221664,0.6800000071525574,False,red_sequence,early
fig03_0033,NGFS,7.229679946720601,0.9200000166893005,False,red_sequence,early
fig03_0034,NGFS,6.0658798563480385,0.7200000286102295,False,red_sequence,early
fig03_0035,NGFS,6.931889944612981,0.9100000262260437,False,red_sequence,early
fig03_0036,NGFS,5.623869853734971,0.5299999713897705,False,red_sequence,early
fig03_0037,NGFS,6.6480900772213944,0.7099999785423279,False,red_sequence,early
fig03_0038,NGFS,7.412310071825982,0.8899999856948853,True,red_sequence,early
fig03_0039,NGFS,6.7858799326419845,0.7200000286102295,True,red_sequence,early
fig03_0040,NGFS,6.498099799275399,0.8999999761581421,False,red_sequence,early
fig03_0041,NGFS,5.565440126538277,0.36000001430511475,False,red_sequence,early
fig03_0042,NGFS,7.351250061035157,0.75,False,red_sequence,early
fig03_0043,NGFS,6.290299846231938,0.699999988079071,False,red_sequence,early
fig03_0044,NGFS,6.2400898941159255,0.7099999785423279,False,red_sequence,early
fig03_0045,NGFS,5.6376599227786075,0.5400000214576721,False,red_sequence,early
fig03_0046,NGFS,7.379579790592194,1.0199999809265137,True,red_sequence,early
fig03_0047,NGFS,6.867800035238267,1.2000000476837158,True,red_sequence,early
fig03_0048,NGFS,7.268000183105469,1.0,False,red_sequence,early
fig03_0049,NGFS,7.534210119962693,0.9900000095367432,True,red_sequence,early
fig03_0050,NGFS,7.2430500293374065,0.949999988079071,True,red_sequence,early
fig03_0051,NGFS,7.264530255436898,1.0700000524520874,True,red_sequence,early
fig03_0052,NGFS,6.7403099497556695,0.8899999856948853,False,red_sequence,early
fig03_0053,NGFS,5.576379815250636,0.2199999988079071,False,blue_cloud,late
fig03_0054,NGFS,6.582830126285554,0.7699999809265137,False,red_sequence,early
fig03_0055,NGFS,6.80704996830225,0.949999988079071,True,red_sequence,early
fig03_0056,NGFS,6.664949995279312,1.0499999523162842,False,red_sequence,early
fig03_0057,NGFS,6.3604000786542905,0.6000000238418579,False,red_sequence,early
fig03_0058,NGFS,7.7703799173831944,2.2200000286102295,False,red_sequence,early
fig03_0059,NGFS,7.141569961726667,0.8299999833106995,False,red_sequence,early
fig03_0060,NGFS,6.782940004467965,0.8600000143051147,False,red_sequence,early
fig03_0061,NGFS,6.374829943180085,0.7699999809265137,False,red_sequence,early
fig03_0062,NGFS,6.407559842944146,0.6399999856948853,False,red_sequence,early
fig03_0063,NGFS,5.347450199544431,0.550000011920929,False,red_sequence,early
fig03_0064,NGFS,5.795869975805283,0.5299999713897705,False,red_sequence,early
fig03_0065,NGFS,6.941699964761735,1.2999999523162842,False,red_sequence,early
fig03_0066,NGFS,6.366520115494729,0.8799999952316284,False,red_sequence,early
fig03_0067,NGFS,6.530100150227547,0.8999999761581421,False,red_sequence,early
fig03_0068,NGFS,5.948820007503034,0.5799999833106995,False,red_sequence,early
fig03_0069,NGFS,6.346830065250398,0.7699999809265137,False,red_sequence,early
fig03_0070,NGFS,6.907469872534276,0.9300000071525574,False,red_sequence,early
fig03_0071,NGFS,7.260310026049615,0.8899999856948853,True,red_sequence,early
fig03_0072,NGFS,7.055779852807523,0.8199999928474426,True,red_sequence,early
fig03_0073,NGFS,6.893150185465814,0.8500000238418579,False,red_sequence,early
fig03_0074,NGFS,7.574940202832223,0.8600000143051147,True,red_sequence,early
fig03_0075,NGFS,6.320110107064249,1.090000033378601,False,red_sequence,early
fig03_0076,NGFS,6.419870143651963,0.5299999713897705,True,red_sequence,early
fig03_0077,NGFS,7.213570083796979,0.8299999833106995,False,red_sequence,early
fig03_0078,NGFS,6.812509920418263,0.6899999976158142,False,red_sequence,early
fig03_0079,NGFS,6.3708298516273505,0.7699999809265137,False,red_sequence,early
fig03_0080,NGFS,6.588200107991696,0.800000011920929,False,red_sequence,early
fig03_0081,NGFS,6.463669858455658,0.7300000190734863,False,red_sequence,early
fig03_0082,NGFS,6.62957006853819,0.8299999833106995,False,red_sequence,early
fig03_0083,NGFS,6.599800004720688,1.2000000476837158,False,red_sequence,early
fig03_0084,NGFS,7.686099906086922,0.8999999761581421,False,red_sequence,early
fig03_0085,NGFS,5.936929992496968,0.6700000166893005,False,red_sequence,early
fig03_0086,NGFS,7.467159993171693,1.0399999618530273,False,red_sequence,early
fig03_0087,NGFS,6.185990110099317,0.8100000023841858,False,red_sequence,early
fig03_0088,NGFS,6.689460119962693,0.7400000095367432,False,red_sequence,early
fig03_0089,NGFS,7.295780005395414,0.8199999928474426,True,red_sequence,early
fig03_0090,NGFS,7.00695999789238,1.2400000095367432,True,red_sequence,early
fig03_0091,NGFS,6.554410044848919,0.7900000214576721,False,red_sequence,early
fig03_0092,NGFS,6.92589991080761,1.100000023841858,True,red_sequence,early
fig03_0093,NGFS,6.394190141797067,0.6100000143051147,False,red_sequence,early
fig03_0094,NGFS,6.42187999367714,0.7200000286102295,False,red_sequence,early
fig03_0095,NGFS,7.299889975130559,0.9100000262260437,True,red_sequence,early
fig03_0096,NGFS,6.033770008683205,0.6299999952316284,False,red_sequence,early
fig03_0097,NGFS,6.580730006575585,0.8700000047683716,True,red_sequence,early
fig03_0098,NGFS,6.139689897656441,1.1100000143051147,False,red_sequence,early
fig03_0099,NGFS,6.445039971590043,0.7599999904632568,False,red_sequence,early
fig03_0100,NGFS,6.984529950261117,1.0700000524520874,True,red_sequence,early
fig03_0101,NGFS,6.454300166666508,0.699999988079071,False,red_sequence,early
fig03_0102,NGFS,6.732839848339558,0.9599999785423279,False,red_sequence,early
fig03_0103,NGFS,5.448069911271334,0.33000001311302185,False,blue_cloud,late
fig03_0104,NGFS,6.39925001525879,0.75,False,red_sequence,early
fig03_0105,NGFS,6.226609933316708,0.5899999737739563,False,red_sequence,early
fig03_0106,NGFS,7.355890112459661,0.9100000262260437,True,red_sequence,early
fig03_0107,NGFS,7.068200031697751,0.800000011920929,False,red_sequence,early
fig03_0108,NGFS,7.480530240178109,1.0700000524520874,True,red_sequence,early
fig03_0109,NGFS,7.0183001056313525,0.699999988079071,False,red_sequence,early
fig03_0110,NGFS,7.155469826757909,0.9300000071525574,False,red_sequence,early
fig03_0111,NGFS,5.345769901871683,0.6299999952316284,False,red_sequence,early
fig03_0112,NGFS,6.865040047883988,0.7599999904632568,False,red_sequence,early
fig03_0113,NGFS,7.083049800455571,0.949999988079071,False,red_sequence,early
fig03_0114,NGFS,6.028090000927449,0.7099999785423279,False,red_sequence,early
fig03_0115,NGFS,6.6899898201823245,0.8100000023841858,False,red_sequence,early
fig03_0116,NGFS,5.825039895296098,0.7599999904632568,False,red_sequence,early
fig03_0117,NGFS,6.109039910554887,0.7599999904632568,False,red_sequence,early
fig03_0118,NGFS,5.973259905159474,0.9399999976158142,False,red_sequence,early
fig03_0119,NGFS,7.001569809138776,0.8299999833106995,False,red_sequence,early
fig03_0120,NGFS,7.516310163378717,0.8899999856948853,False,red_sequence,early
fig03_0121,NGFS,8.059820059180261,1.5800000429153442,False,red_sequence,early
fig03_0122,NGFS,6.803030051171781,0.5699999928474426,False,red_sequence,early
fig03_0123,NGFS,6.800200001180173,0.800000011920929,True,red_sequence,early
fig03_0124,NGFS,7.153389831900598,1.409999966621399,False,red_sequence,early
fig03_0125,NGFS,7.045570053279401,0.8299999833106995,False,red_sequence,early
fig03_0126,NGFS,7.2294598910808565,0.7400000095367432,False,red_sequence,early
fig03_0127,NGFS,6.648730037093164,0.8700000047683716,False,red_sequence,early
fig03_0128,NGFS,6.271999893188477,1.0,False,red_sequence,early
fig03_0129,NGFS,6.335800065755844,1.2000000476837158,False,red_sequence,early
fig03_0130,NGFS,6.195360101163388,0.8399999737739563,False,red_sequence,early
fig03_0131,NGFS,6.38703006643057,0.5699999928474426,True,red_sequence,early
fig03_0132,NGFS,5.8365100882649426,0.6899999976158142,False,red_sequence,early
fig03_0133,NGFS,7.037150048136712,0.8500000238418579,True,red_sequence,early
fig03_0134,NGFS,6.527909977912904,1.2899999618530273,False,red_sequence,early
fig03_0135,NGFS,7.5010401089191445,0.7599999904632568,True,red_sequence,early
fig03_0136,NGFS,7.943779959619047,0.8199999928474426,False,red_sequence,early
fig03_0137,NGFS,7.557150124430657,0.8500000238418579,True,red_sequence,early
fig03_0138,NGFS,6.188619930028916,0.7799999713897705,False,red_sequence,early
fig03_0139,NGFS,5.592400048136712,0.6000000238418579,False,red_sequence,early
fig03_0140,NGFS,6.138829882144929,0.7699999809265137,False,red_sequence,early
fig03_0141,NGFS,6.300640030264856,1.159999966621399,False,red_sequence,early
fig03_0142,NGFS,6.536200062215329,0.800000011920929,False,red_sequence,early
fig03_0143,NGFS,6.1086200063228615,0.7799999713897705,False,red_sequence,early
fig03_0144,NGFS,5.963249954223634,0.75,False,red_sequence,early
fig03_0145,NGFS,5.262079912662507,0.5199999809265137,False,red_sequence,early
fig03_0146,NGFS,5.212490094840527,0.3100000023841858,False,red_sequence,early
fig03_0147,NGFS,8.448770069718362,1.6299999952316284,True,red_sequence,early
fig03_0148,NGFS,6.586410014331341,0.7900000214576721,False,red_sequence,early
fig03_0149,NGFS,5.714300014078618,0.699999988079071,False,red_sequence,early
fig03_0150,NGFS,7.8576802061200155,0.9200000166893005,False,red_sequence,early
fig03_0151,NGFS,7.98114991080761,0.8500000238418579,True,red_sequence,early
fig03_0152,NGFS,5.855030096948148,0.5699999928474426,True,red_sequence,early
fig03_0153,NGFS,6.321129815250637,0.4699999988079071,True,red_sequence,early
fig03_0154,NGFS,6.607689928174019,1.1100000143051147,False,red_sequence,early
fig03_0155,NGFS,6.708400032877923,0.6000000238418579,True,red_sequence,early
fig03_0156,NGFS,5.840510179817677,0.6899999976158142,False,red_sequence,early
fig03_0157,NGFS,8.206320120215416,1.0800000429153442,False,red_sequence,early
fig03_0158,NGFS,6.304949766397477,1.0499999523162842,False,red_sequence,early
fig03_0159,NGFS,6.995799913167954,1.2000000476837158,False,red_sequence,early
fig03_0160,NGFS,7.858410136401654,0.7900000214576721,True,red_sequence,early
fig03_0161,NGFS,7.300200001180173,0.800000011920929,False,red_sequence,early
fig03_0162,NGFS,6.770829851627351,0.7699999809265137,True,red_sequence,early
fig03_0163,NGFS,5.97810010445118,0.8999999761581421,False,red_sequence,early
fig03_0164,NGFS,7.044019840836525,1.3799999952316284,False,red_sequence,early
fig03_0165,NGFS,6.937040169954301,0.7599999904632568,False,red_sequence,early
fig03_0166,NGFS,7.77662003684044,0.7799999713897705,True,red_sequence,early
fig03_0167,NGFS,6.267269871354104,1.1299999952316284,False,red_sequence,early
fig03_0168,NGFS,6.1310299291014685,0.5699999928474426,False,red_sequence,early
fig03_0169,NGFS,7.13547013193369,0.9300000071525574,True,red_sequence,early
fig03_0170,NGFS,7.487160069465638,1.0399999618530273,False,red_sequence,early
fig03_0171,NGFS,6.0920899398922925,0.7099999785423279,False,red_sequence,early
fig03_0172,NGFS,7.3144998626709,0.5,False,blue_cloud,late
fig03_0173,NGFS,5.8626299021244055,0.9700000286102295,False,red_sequence,early
fig03_0174,NGFS,5.8939899117350585,0.8100000023841858,False,red_sequence,early
fig03_0175,NGFS,6.331489783763886,1.309999942779541,False,red_sequence,early
fig03_0176,NGFS,5.419009828865529,0.1899999976158142,False,blue_cloud,late
fig03_0177,NGFS,7.642939851880074,0.8600000143051147,False,red_sequence,early
fig03_0178,NGFS,7.829790124177934,1.0099999904632568,True,red_sequence,early
fig03_0179,NGFS,8.090519901871682,0.8799999952316284,True,red_sequence,early
fig03_0180,NGFS,5.748730037093163,0.8700000047683716,False,red_sequence,early
fig03_0181,NGFS,5.69671016573906,0.49000000953674316,False,red_sequence,early
fig03_0182,NGFS,6.998719933569432,0.6800000071525574,False,red_sequence,early
fig03_0183,NGFS,6.068399880290032,0.6000000238418579,True,red_sequence,early
fig03_0184,NGFS,5.449769993424416,0.6299999952316284,False,red_sequence,early
fig03_0185,NGFS,7.836420117855073,0.9800000190734863,False,red_sequence,early
fig03_0186,NGFS,7.348929885685445,0.6700000166893005,False,red_sequence,early
fig03_0187,NGFS,7.115359795987606,0.8399999737739563,True,red_sequence,early
fig03_0188,NGFS,8.141259935677052,0.9399999976158142,False,red_sequence,early
fig03_0189,NGFS,5.771670041561127,0.7300000190734863,False,red_sequence,early
fig03_0190,NGFS,7.610939882397653,0.8600000143051147,False,red_sequence,early
fig03_0191,NGFS,7.991049983561039,0.949999988079071,True,red_sequence,early
fig03_0192,NGFS,5.53998009812832,0.6200000047683716,False,red_sequence,early
fig03_0193,NGFS,5.3769301450848594,0.6700000166893005,False,red_sequence,early
fig03_0194,NGFS,8.195889883577824,0.9100000262260437,True,red_sequence,early
fig03_0195,NGFS,6.4191600389480605,1.0399999618530273,False,red_sequence,early
fig03_0196,NGFS,6.938519856095315,0.8799999952316284,True,red_sequence,early
fig03_0197,NGFS,5.359450092732907,0.550000011920929,False,red_sequence,early
fig03_0198,NGFS,8.08041998052597,0.9800000190734863,True,red_sequence,early
fig03_0199,NGFS,7.841989865958691,0.8100000023841858,True,red_sequence,early
fig03_0200,NGFS,7.987779822289944,0.8199999928474426,True,red_sequence,early
fig03_0201,NGFS,8.627469948828221,0.9300000071525574,True,red_sequence,early
fig03_0202,NGFS,8.020730159163476,0.8700000047683716,False,red_sequence,early
fig03_0203,NGFS,5.626720192968846,0.6800000071525574,False,red_sequence,early
fig03_0204,NGFS,7.548199955403805,0.800000011920929,True,red_sequence,early
fig03_0205,NGFS,6.362939928174019,0.8600000143051147,False,red_sequence,early
fig03_0206,NGFS,7.862520023941995,0.8799999952316284,True,red_sequence,early
fig03_0207,NGFS,5.85220004695654,0.800000011920929,False,red_sequence,early
fig03_0208,NGFS,8.132310148119927,0.8899999856948853,True,red_sequence,early
fig03_0209,NGFS,6.080090046703816,0.7099999785423279,False,red_sequence,early
fig03_0210,NGFS,5.955670056819916,0.7300000190734863,False,red_sequence,early
fig03_0211,NGFS,8.597260073006154,0.9399999976158142,True,red_sequence,early
fig03_0212,NGFS,6.647979899764062,0.6200000047683716,False,red_sequence,early
fig03_0213,NGFS,8.019359887540341,0.8399999737739563,True,red_sequence,early
fig03_0214,NGFS,6.021460089445115,0.7400000095367432,False,red_sequence,early
fig03_0215,NGFS,6.324509813606739,0.6899999976158142,False,red_sequence,early
fig03_0216,NGFS,8.319049861490727,0.949999988079071,True,red_sequence,early
fig03_0217,NGFS,8.55558000421524,1.0199999809265137,True,red_sequence,early
fig03_0218,NGFS,7.9053700520992285,1.0299999713897705,True,red_sequence,early
fig03_0219,NGFS,7.3971498955488215,0.8500000238418579,False,red_sequence,early
fig03_0220,NGFS,7.93547013193369,0.9300000071525574,True,red_sequence,early
fig03_0221,NGFS,5.585150002360344,0.8500000238418579,False,red_sequence,early
fig03_0222,NGFS,7.8216801450848585,0.9200000166893005,False,red_sequence,early
fig03_0223,NGFS,5.94376013404131,0.4399999976158142,False,red_sequence,early
fig03_0224,NGFS,7.71210992395878,1.090000033378601,False,red_sequence,early
fig03_0225,NGFS,8.20777989858389,0.8199999928474426,False,red_sequence,early
fig03_0226,NGFS,7.153460058927537,0.7400000095367432,True,red_sequence,early
fig03_0227,NGFS,6.706339945793152,1.4600000381469727,False,red_sequence,early
fig03_0228,NGFS,5.9674701014161124,0.9300000071525574,False,red_sequence,early
fig03_0229,NGFS,8.403470162451267,0.9300000071525574,True,red_sequence,early
fig03_0230,NGFS,8.200749908447266,1.25,False,red_sequence,early
fig03_0231,NGFS,5.515449848592282,0.550000011920929,False,red_sequence,early
fig03_0232,NGFS,8.174519917130471,0.8799999952316284,True,red_sequence,early
fig03_0233,NGFS,9.527799882650376,1.2000000476837158,True,red_sequence,early
fig03_0234,NGFS,6.817659846484662,0.5400000214576721,False,red_sequence,early
fig03_0235,NGFS,8.472729823470116,0.8700000047683716,False,red_sequence,early
fig03_0236,NGFS,9.118210135221483,0.9900000095367432,True,red_sequence,early
fig03_0237,NGFS,8.690099997639656,0.8999999761581421,True,red_sequence,early
fig03_0238,NGFS,8.94262982583046,0.9700000286102295,True,red_sequence,early
fig03_0239,NGFS,8.667890005648138,0.9100000262260437,True,red_sequence,early
fig03_0240,NGFS,8.813370235204697,1.0299999713897705,True,red_sequence,early
fig03_0241,NGFS,8.59852008497715,0.8799999952316284,True,red_sequence,early
fig03_0242,NGFS,8.458939836621285,0.8600000143051147,True,red_sequence,early
fig03_0243,NGVS,7.3,0.7899999999999991,False,red_sequence,early
fig03_0244,NGVS,6.8,0.5300000000000011,False,red_sequence,early
fig03_0245,NGVS,7.5,0.7699999999999996,True,red_sequence,early
fig03_0246,NGVS,7.0,0.6799999999999997,True,red_sequence,early
fig03_0247,NGVS,5.8,0.7599999999999998,False,red_sequence,early
fig03_0248,NGVS,6.3,0.8000000000000007,False,red_sequence,early
fig03_0249,NGVS,6.0,0.9299999999999997,False,red_sequence,early
fig03_0250,NGVS,6.3,0.9800000000000004,False,red_sequence,early
fig03_0251,NGVS,6.2,1.0399999999999991,False,red_sequence,early
fig03_0252,NGVS,7.9,0.9700000000000006,True,red_sequence,early
fig03_0253,NGVS,5.8,1.1799999999999997,False,red_sequence,early
fig03_0254,NGVS,9.8,0.990000000000002,False,red_sequence,early
fig03_0255,NGVS,6.4,0.7900000000000009,False,red_sequence,early
fig03_0256,NGVS,8.5,1.0700000000000003,True,red_sequence,early
fig03_0257,NGVS,6.0,1.08,False,red_sequence,early
fig03_0258,NGVS,7.4,0.8000000000000007,True,red_sequence,early
fig03_0259,NGVS,5.3,0.7599999999999998,False,red_sequence,early
fig03_0260,NGVS,6.7,0.75,True,red_sequence,early
fig03_0261,NGVS,7.2,0.8100000000000005,True,red_sequence,early
fig03_0262,NGVS,8.2,0.8399999999999999,True,red_sequence,early
fig03_0263,NGVS,7.4,0.9199999999999999,False,red_sequence,early
fig03_0264,NGVS,5.6,0.7200000000000006,False,red_sequence,early
fig03_0265,NGVS,7.1,0.7800000000000011,True,red_sequence,early
fig03_0266,NGVS,5.5,0.6799999999999997,False,red_sequence,early
fig03_0267,NGVS,7.1,1.1199999999999992,False,red_sequence,early
fig03_0268,NGVS,5.3,0.7300000000000004,False,red_sequence,early
fig03_0269,NGVS,8.9,1.0,True,red_sequence,early
fig03_0270,NGVS,7.0,0.7699999999999996,False,red_sequence,early
fig03_0271,NGVS,6.5,0.9799999999999986,False,red_sequence,early
fig03_0272,NGVS,6.8,0.6500000000000004,False,red_sequence,early
fig03_0273,NGVS,6.7,0.7400000000000002,False,red_sequence,early
fig03_0274,NGVS,5.7,0.8099999999999987,False,red_sequence,early
fig03_0275,NGVS,6.3,0.7799999999999994,False,red_sequence,early
fig03_0276,NGVS,8.4,0.370000000000001,False,blue_cloud,late
fig03_0277,NGVS,8.4,0.40000000000000036,False,blue_cloud,late
fig03_0278,NGVS,6.3,0.8399999999999999,True,red_sequence,early
fig03_0279,NGVS,9.1,0.7899999999999991,True,red_sequence,early
fig03_0280,NGVS,5.8,0.7699999999999996,False,red_sequence,early
fig03_0281,NGVS,6.0,0.5600000000000005,False,red_sequence,early
fig03_0282,NGVS,7.0,1.1499999999999986,False,red_sequence,early
fig03_0283,NGVS,7.1,0.8199999999999985,False,red_sequence,early
fig03_0284,NGVS,5.3,0.6199999999999992,False,red_sequence,early
fig03_0285,NGVS,6.5,0.8200000000000003,False,red_sequence,early
fig03_0286,NGVS,5.8,0.35999999999999943,False,blue_cloud,late
fig03_0287,NGVS,7.9,0.8900000000000006,False,red_sequence,early
fig03_0288,NGVS,7.1,1.0,False,red_sequence,early
fig03_0289,NGVS,8.6,0.8599999999999994,True,red_sequence,early
fig03_0290,NGVS,5.9,0.6600000000000001,False,red_sequence,early
fig03_0291,NGVS,7.2,0.870000000000001,False,red_sequence,early
fig03_0292,NGVS,7.2,0.7100000000000009,False,red_sequence,early
fig03_0293,NGVS,8.0,0.7999999999999989,True,red_sequence,early
fig03_0294,NGVS,5.7,0.9399999999999995,False,red_sequence,early
fig03_0295,NGVS,7.4,0.8300000000000001,True,red_sequence,early
fig03_0296,NGVS,7.4,0.9100000000000001,True,red_sequence,early
fig03_0297,NGVS,6.1,0.7100000000000009,False,red_sequence,early
fig03_0298,NGVS,9.9,0.990000000000002,True,red_sequence,early
fig03_0299,NGVS,6.3,0.7400000000000002,False,red_sequence,early
fig03_0300,NGVS,6.4,-0.5,False,blue_cloud,late
fig03_0301,NGVS,7.2,0.6499999999999986,False,red_sequence,early
fig03_0302,NGVS,6.6,0.6600000000000001,False,red_sequence,early
fig03_0303,NGVS,5.9,0.6899999999999995,True,red_sequence,early
fig03_0304,NGVS,6.7,0.9699999999999989,False,red_sequence,early
fig03_0305,NGVS,6.2,0.8399999999999999,False,red_sequence,early
fig03_0306,NGVS,6.5,1.3099999999999987,False,red_sequence,early
fig03_0307,NGVS,7.3,0.7900000000000009,False,red_sequence,early
fig03_0308,NGVS,7.5,0.7599999999999998,True,red_sequence,early
fig03_0309,NGVS,7.5,0.8200000000000003,True,red_sequence,early
fig03_0310,NGVS,6.9,0.7400000000000002,False,red_sequence,early
fig03_0311,NGVS,5.3,0.20000000000000107,False,blue_cloud,late
fig03_0312,NGVS,6.4,0.7099999999999991,False,red_sequence,early
fig03_0313,NGVS,9.4,1.009999999999998,False,red_sequence,early
fig03_0314,NGVS,6.5,0.9199999999999999,False,red_sequence,early
fig03_0315,NGVS,6.3,0.8599999999999994,False,red_sequence,early
fig03_0316,NGVS,6.9,0.7100000000000009,True,red_sequence,early
fig03_0317,NGVS,5.6,0.6399999999999988,False,red_sequence,early
fig03_0318,NGVS,7.8,0.8200000000000003,True,red_sequence,early
fig03_0319,NGVS,5.9,1.0199999999999996,False,red_sequence,early
fig03_0320,NGVS,6.7,0.7799999999999994,True,red_sequence,early
fig03_0321,NGVS,6.8,0.9199999999999999,False,red_sequence,early
fig03_0322,NGVS,6.9,0.9499999999999993,False,red_sequence,early
fig03_0323,NGVS,5.4,0.6400000000000006,False,red_sequence,early
fig03_0324,NGVS,7.6,0.6999999999999993,True,red_sequence,early
fig03_0325,NGVS,10.5,1.0100000000000016,True,red_sequence,early
fig03_0326,NGVS,9.3,0.9200000000000017,True,red_sequence,early
fig03_0327,NGVS,6.6,0.7099999999999991,False,red_sequence,early
fig03_0328,NGVS,8.1,0.8300000000000001,False,red_sequence,early
fig03_0329,NGVS,6.5,0.6600000000000001,False,red_sequence,early
fig03_0330,NGVS,6.2,0.4900000000000002,False,red_sequence,early
fig03_0331,NGVS,8.5,0.8899999999999988,True,red_sequence,early
fig03_0332,NGVS,7.3,0.6600000000000001,False,red_sequence,early
fig03_0333,NGVS,10.5,1.0399999999999991,False,red_sequence,early
fig03_0334,NGVS,6.7,0.7899999999999991,False,red_sequence,early
fig03_0335,NGVS,6.7,0.8000000000000007,False,red_sequence,early
fig03_0336,NGVS,6.1,0.7699999999999996,False,red_sequence,early
fig03_0337,NGVS,5.6,0.7300000000000004,False,red_sequence,early
fig03_0338,NGVS,9.9,1.1300000000000026,True,red_sequence,early
fig03_0339,NGVS,6.6,0.75,False,red_sequence,early
fig03_0340,NGVS,8.2,0.8200000000000003,False,red_sequence,early
fig03_0341,NGVS,6.4,1.0199999999999996,False,red_sequence,early
fig03_0342,NGVS,7.5,0.8399999999999999,True,red_sequence,early
fig03_0343,NGVS,6.0,0.7399999999999984,True,red_sequence,early
fig03_0344,NGVS,6.7,0.7699999999999996,False,red_sequence,early
fig03_0345,NGVS,6.3,0.7399999999999984,False,red_sequence,early
fig03_0346,NGVS,8.1,0.8300000000000001,True,red_sequence,early
fig03_0347,NGVS,7.0,0.9100000000000001,True,red_sequence,early
fig03_0348,NGVS,5.9,0.5700000000000003,False,red_sequence,early
fig03_0349,NGVS,9.1,1.0199999999999996,True,red_sequence,early
fig03_0350,NGVS,7.0,0.40000000000000036,False,blue_cloud,late
fig03_0351,NGVS,6.9,0.6600000000000001,True,red_sequence,early
fig03_0352,NGVS,6.7,0.7799999999999994,True,red_sequence,early
fig03_0353,NGVS,5.5,0.46999999999999886,False,red_sequence,early
fig03_0354,NGVS,6.9,0.7200000000000006,False,red_sequence,early
fig03_0355,NGVS,5.3,0.5800000000000001,False,red_sequence,early
fig03_0356,NGVS,9.4,0.7899999999999991,True,blue_cloud,late
fig03_0357,NGVS,6.1,1.3000000000000007,False,red_sequence,early
fig03_0358,NGVS,8.1,0.8399999999999999,True,red_sequence,early
fig03_0359,NGVS,5.5,1.4399999999999995,False,red_sequence,early
fig03_0360,NGVS,6.1,0.629999999999999,False,red_sequence,early
fig03_0361,NGVS,5.7,0.7200000000000006,False,red_sequence,early
fig03_0362,NGVS,7.1,1.08,True,red_sequence,early
fig03_0363,NGVS,7.3,0.7099999999999991,False,red_sequence,early
fig03_0364,NGVS,8.3,0.7800000000000011,True,red_sequence,early
fig03_0365,NGVS,6.9,0.75,True,red_sequence,early
fig03_0366,NGVS,5.5,0.6899999999999995,False,red_sequence,early
fig03_0367,NGVS,8.6,0.7699999999999996,True,red_sequence,early
fig03_0368,NGVS,6.0,0.6600000000000001,False,red_sequence,early
fig03_0369,NGVS,5.9,0.8300000000000001,False,red_sequence,early
fig03_0370,NGVS,5.8,0.75,False,red_sequence,early
fig03_0371,NGVS,5.1,-0.20000000000000107,False,blue_cloud,late
fig03_0372,NGVS,7.7,0.7200000000000006,True,red_sequence,early
fig03_0373,NGVS,5.4,0.8300000000000001,False,red_sequence,early
fig03_0374,NGVS,5.7,0.8699999999999992,False,red_sequence,early
fig03_0375,NGVS,6.3,0.6400000000000006,False,red_sequence,early
fig03_0376,NGVS,8.8,0.8000000000000007,True,red_sequence,early
fig03_0377,NGVS,8.0,0.8399999999999999,True,red_sequence,early
fig03_0378,NGVS,9.9,0.9899999999999984,False,red_sequence,early
fig03_0379,NGVS,6.0,0.7400000000000002,False,red_sequence,early
fig03_0380,NGVS,7.5,0.7400000000000002,False,red_sequence,early
fig03_0381,NGVS,7.4,0.7600000000000016,False,red_sequence,early
fig03_0382,NGVS,6.5,0.8200000000000003,True,red_sequence,early
fig03_0383,NGVS,5.2,0.6099999999999994,False,red_sequence,early
fig03_0384,NGVS,5.9,0.8699999999999992,False,red_sequence,early
fig03_0385,NGVS,7.1,0.6699999999999999,False,red_sequence,early
fig03_0386,NGVS,6.7,0.75,False,red_sequence,early
fig03_0387,NGVS,5.8,0.5899999999999999,False,red_sequence,early
fig03_0388,NGVS,6.1,0.6199999999999992,False,red_sequence,early
fig03_0389,NGVS,6.6,0.620000000000001,False,red_sequence,early
fig03_0390,NGVS,6.3,0.9499999999999993,False,red_sequence,early
fig03_0391,NGVS,6.0,0.7300000000000004,False,red_sequence,early
fig03_0392,NGVS,5.9,0.6400000000000006,False,red_sequence,early
fig03_0393,NGVS,7.0,0.7699999999999996,False,red_sequence,early
fig03_0394,NGVS,5.9,1.0099999999999998,False,red_sequence,early
fig03_0395,NGVS,5.4,0.6799999999999997,False,red_sequence,early
fig03_0396,NGVS,6.5,0.6099999999999994,False,red_sequence,early
fig03_0397,NGVS,9.8,0.9699999999999989,False,red_sequence,early
fig03_0398,NGVS,6.5,0.7699999999999996,True,red_sequence,early
fig03_0399,NGVS,8.5,1.0999999999999996,True,red_sequence,early
fig03_0400,NGVS,7.6,0.6899999999999995,False,red_sequence,early
fig03_0401,NGVS,6.3,0.8200000000000003,True,red_sequence,early
fig03_0402,NGVS,6.8,1.1300000000000008,True,red_sequence,early
fig03_0403,NGVS,7.6,0.9100000000000001,True,red_sequence,early
fig03_0404,NGVS,5.9,0.8399999999999999,False,red_sequence,early
fig03_0405,NGVS,5.1,0.8200000000000003,False,red_sequence,early
fig03_0406,NGVS,6.8,0.6800000000000015,False,red_sequence,early
fig03_0407,NGVS,10.2,1.0500000000000007,True,red_sequence,early
fig03_0408,NGVS,5.3,0.4800000000000004,False,red_sequence,early
fig03_0409,NGVS,6.8,0.8599999999999994,True,red_sequence,early
fig03_0410,NGVS,6.9,0.75,False,red_sequence,early
fig03_0411,NGVS,6.2,0.5899999999999999,False,red_sequence,early
fig03_0412,NGVS,6.2,0.7799999999999994,False,red_sequence,early
fig03_0413,NGVS,6.6,1.0899999999999999,False,red_sequence,early
fig03_0414,NGVS,6.1,0.6899999999999995,True,red_sequence,early
fig03_0415,NGVS,8.2,0.8200000000000003,True,red_sequence,early
fig03_0416,NGVS,5.8,0.1999999999999993,False,blue_cloud,late
fig03_0417,NGVS,7.3,0.8399999999999999,False,red_sequence,early
fig03_0418,NGVS,7.1,0.8900000000000006,False,red_sequence,early
fig03_0419,NGVS,5.9,0.4299999999999997,False,red_sequence,early
fig03_0420,NGVS,6.0,0.5700000000000003,False,red_sequence,early
fig03_0421,NGVS,5.7,0.6000000000000014,False,red_sequence,early
fig03_0422,NGVS,8.6,0.8399999999999999,True,red_sequence,early
fig03_0423,NGVS,5.4,0.9599999999999991,False,red_sequence,early
fig03_0424,NGVS,7.5,0.6699999999999999,True,red_sequence,early
fig03_0425,NGVS,6.8,0.7100000000000009,False,red_sequence,early
fig03_0426,NGVS,7.1,0.3999999999999986,False,blue_cloud,late
fig03_0427,NGVS,7.2,0.8399999999999999,False,red_sequence,early
fig03_0428,NGVS,5.6,0.5599999999999987,False,red_sequence,early
fig03_0429,NGVS,6.1,0.6599999999999984,False,red_sequence,early
fig03_0430,NGVS,6.0,0.6900000000000013,False,red_sequence,early
fig03_0431,NGVS,6.3,0.620000000000001,False,red_sequence,early
fig03_0432,NGVS,7.9,0.870000000000001,True,red_sequence,early
fig03_0433,NGVS,8.2,0.8100000000000005,True,red_sequence,early
fig03_0434,NGVS,5.8,0.7100000000000009,False,red_sequence,early
fig03_0435,NGVS,6.5,0.870000000000001,False,red_sequence,early
fig03_0436,NGVS,6.1,0.8699999999999992,False,red_sequence,early
fig03_0437,NGVS,5.9,0.7100000000000009,False,red_sequence,early
fig03_0438,NGVS,7.2,0.7600000000000016,True,red_sequence,early
fig03_0439,NGVS,6.6,0.75,True,red_sequence,early
fig03_0440,NGVS,5.8,0.3999999999999986,False,red_sequence,early
fig03_0441,NGVS,6.0,0.5999999999999996,False,red_sequence,early
fig03_0442,NGVS,7.3,0.7099999999999991,True,red_sequence,early
fig03_0443,NGVS,6.2,0.8200000000000003,False,red_sequence,early
fig03_0444,NGVS,6.8,0.7299999999999986,False,red_sequence,early
fig03_0445,NGVS,5.5,0.5600000000000005,False,red_sequence,early
fig03_0446,NGVS,10.7,1.0500000000000007,False,red_sequence,early
fig03_0447,NGVS,5.2,0.6000000000000014,False,red_sequence,early
fig03_0448,NGVS,6.3,0.7400000000000002,False,red_sequence,early
fig03_0449,NGVS,7.8,0.6699999999999999,True,red_sequence,early
fig03_0450,NGVS,6.9,0.7200000000000006,False,red_sequence,early
fig03_0451,NGVS,5.4,0.4399999999999995,False,red_sequence,early
fig03_0452,NGVS,5.9,0.7200000000000006,False,red_sequence,early
fig03_0453,NGVS,5.6,0.3999999999999986,False,red_sequence,early
fig03_0454,NGVS,7.4,0.7299999999999986,True,red_sequence,early
fig03_0455,NGVS,7.1,0.6799999999999997,True,red_sequence,early
fig03_0456,NGVS,5.7,1.3200000000000003,False,red_sequence,early
fig03_0457,NGVS,9.8,1.009999999999998,True,red_sequence,early
fig03_0458,NGVS,5.7,0.6000000000000014,False,red_sequence,early
fig03_0459,NGVS,6.6,0.6500000000000004,True,red_sequence,early
fig03_0460,NGVS,6.2,0.6499999999999986,False,red_sequence,early
fig03_0461,NGVS,6.2,0.75,False,red_sequence,early
fig03_0462,NGVS,5.7,0.7199999999999989,False,red_sequence,early
fig03_0463,NGVS,5.4,0.8899999999999988,False,red_sequence,early
fig03_0464,NGVS,5.2,0.7800000000000011,False,red_sequence,early
fig03_0465,NGVS,7.3,0.7099999999999991,False,red_sequence,early
fig03_0466,NGVS,6.9,0.6100000000000012,True,red_sequence,early
fig03_0467,NGVS,5.3,0.379999999999999,False,red_sequence,early
fig03_0468,NGVS,6.2,0.5999999999999996,True,red_sequence,early
fig03_0469,NGVS,8.0,0.75,True,red_sequence,early
fig03_0470,NGVS,6.3,1.8599999999999994,False,red_sequence,early
fig03_0471,NGVS,5.6,0.41999999999999993,False,red_sequence,early
fig03_0472,NGVS,6.8,0.6600000000000001,False,red_sequence,early
fig03_0473,NGVS,6.1,0.879999999999999,False,red_sequence,early
fig03_0474,NGVS,6.9,0.7599999999999998,True,red_sequence,early
fig03_0475,NGVS,10.1,1.0199999999999996,True,red_sequence,early
fig03_0476,NGVS,7.1,0.6400000000000006,False,red_sequence,early
fig03_0477,NGVS,6.8,0.75,False,red_sequence,early
fig03_0478,NGVS,6.7,0.8399999999999999,False,red_sequence,early
fig03_0479,NGVS,6.3,0.9800000000000004,False,red_sequence,early
fig03_0480,NGVS,6.1,0.5800000000000001,False,red_sequence,early
fig03_0481,NGVS,5.4,1.3000000000000007,False,red_sequence,early
fig03_0482,NGVS,6.6,0.6900000000000013,False,red_sequence,early
fig03_0483,NGVS,5.5,0.6900000000000013,False,red_sequence,early
fig03_0484,NGVS,7.3,0.8300000000000001,False,red_sequence,early
fig03_0485,NGVS,6.8,0.7600000000000016,False,red_sequence,early
fig03_0486,NGVS,6.4,1.1300000000000008,False,red_sequence,early
fig03_0487,NGVS,5.5,0.7200000000000006,False,red_sequence,early
fig03_0488,NGVS,6.6,0.7300000000000004,False,red_sequence,early
fig03_0489,NGVS,6.4,0.6400000000000006,False,red_sequence,early
fig03_0490,NGVS,9.3,1.0800000000000018,False,red_sequence,early
fig03_0491,NGVS,6.2,0.5499999999999989,True,red_sequence,early
fig03_0492,NGVS,7.4,0.8300000000000001,False,red_sequence,early
fig03_0493,NGVS,7.3,1.0899999999999999,False,red_sequence,early
fig03_0494,NGVS,6.2,0.8600000000000012,False,red_sequence,early
fig03_0495,NGVS,6.9,0.6899999999999995,False,red_sequence,early
fig03_0496,NGVS,6.3,0.5199999999999996,False,red_sequence,early
fig03_0497,NGVS,5.9,0.5899999999999999,True,red_sequence,early
fig03_0498,NGVS,5.8,0.370000000000001,False,blue_cloud,late
fig03_0499,NGVS,7.3,0.3100000000000005,False,blue_cloud,late
fig03_0500,NGVS,5.6,0.6199999999999992,False,red_sequence,early
fig03_0501,NGVS,6.6,0.7599999999999998,False,red_sequence,early
fig03_0502,NGVS,6.9,0.75,False,red_sequence,early
fig03_0503,NGVS,7.3,-0.2699999999999996,False,blue_cloud,late
fig03_0504,NGVS,7.8,0.7200000000000006,False,red_sequence,early
fig03_0505,NGVS,11.4,0.8499999999999979,False,blue_cloud,late
fig03_0506,NGVS,7.4,0.6799999999999997,True,red_sequence,early
fig03_0507,NGVS,5.6,1.33,False,red_sequence,early
fig03_0508,NGVS,7.3,0.6399999999999988,False,red_sequence,early
fig03_0509,NGVS,6.0,0.6800000000000015,False,red_sequence,early
fig03_0510,NGVS,9.7,1.1000000000000014,True,red_sequence,early
fig03_0511,NGVS,7.6,0.7100000000000009,False,red_sequence,early
fig03_0512,NGVS,6.5,0.7299999999999986,False,red_sequence,early
fig03_0513,NGVS,6.6,0.6500000000000004,False,red_sequence,early
fig03_0514,NGVS,7.5,0.8300000000000001,False,red_sequence,early
fig03_0515,NGVS,6.2,0.629999999999999,False,red_sequence,early
fig03_0516,NGVS,5.3,0.3699999999999992,False,red_sequence,early
fig03_0517,NGVS,5.4,1.08,False,red_sequence,early
fig03_0518,NGVS,7.4,0.7300000000000004,True,red_sequence,early
fig03_0519,NGVS,7.2,0.7099999999999991,False,red_sequence,early
fig03_0520,NGVS,5.3,0.8300000000000001,False,red_sequence,early
fig03_0521,NGVS,7.3,0.7099999999999991,False,red_sequence,early
fig03_0522,NGVS,8.6,1.009999999999998,True,red_sequence,early
fig03_0523,NGVS,5.2,0.4399999999999995,False,red_sequence,early
fig03_0524,NGVS,7.1,0.7300000000000004,True,red_sequence,early
fig03_0525,NGVS,5.1,0.5199999999999996,False,red_sequence,early
fig03_0526,NGVS,8.1,0.7300000000000004,True,red_sequence,early
fig03_0527,NGVS,7.8,0.8199999999999985,False,red_sequence,early
fig03_0528,NGVS,6.3,0.5699999999999985,False,red_sequence,early
fig03_0529,NGVS,6.3,0.6799999999999997,False,red_sequence,early
fig03_0530,NGVS,6.6,0.5299999999999994,False,red_sequence,early
fig03_0531,NGVS,6.8,0.20000000000000107,False,blue_cloud,late
fig03_0532,NGVS,5.3,1.049999999999999,False,red_sequence,early
fig03_0533,NGVS,5.4,0.6400000000000006,False,red_sequence,early
fig03_0534,NGVS,7.9,0.9100000000000001,True,red_sequence,early
fig03_0535,NGVS,9.7,0.9299999999999997,True,red_sequence,early
fig03_0536,NGVS,7.9,0.7299999999999986,True,red_sequence,early
fig03_0537,NGVS,7.0,0.7699999999999996,True,red_sequence,early
fig03_0538,NGVS,5.7,1.0200000000000014,False,red_sequence,early
fig03_0539,NGVS,5.8,1.0,False,red_sequence,early
fig03_0540,NGVS,6.7,0.08999999999999986,False,blue_cloud,late
fig03_0541,NGVS,4.9,0.4400000000000013,False,red_sequence,early
fig03_0542,NGVS,7.0,0.7200000000000006,False,red_sequence,early
fig03_0543,NGVS,5.8,0.620000000000001,False,red_sequence,early
fig03_0544,NGVS,5.9,0.6699999999999999,True,red_sequence,early
fig03_0545,NGVS,5.3,1.549999999999999,False,red_sequence,early
fig03_0546,NGVS,5.4,0.6699999999999999,False,red_sequence,early
fig03_0547,NGVS,7.0,0.75,False,red_sequence,early
fig03_0548,NGVS,5.4,0.5099999999999998,False,red_sequence,early
fig03_0549,NGVS,5.7,0.7099999999999991,False,red_sequence,early
fig03_0550,NGVS,6.6,0.7599999999999998,False,red_sequence,early
fig03_0551,NGVS,8.9,0.9499999999999993,True,red_sequence,early
fig03_0552,NGVS,8.3,0.8100000000000023,True,red_sequence,early
fig03_0553,NGVS,7.5,0.9200000000000017,True,red_sequence,early
fig03_0554,NGVS,5.7,0.2599999999999998,True,blue_cloud,late
fig03_0555,NGVS,5.1,1.0100000000000007,False,red_sequence,early
fig03_0556,NGVS,8.9,0.9200000000000017,True,red_sequence,early
fig03_0557,NGVS,7.8,0.9199999999999999,True,red_sequence,early
fig03_0558,NGVS,7.8,0.7200000000000006,False,red_sequence,early
fig03_0559,NGVS,7.9,0.8000000000000007,True,red_sequence,early
fig03_0560,NGVS,6.1,0.8200000000000003,False,red_sequence,early
fig03_0561,NGVS,5.1,0.9100000000000001,False,red_sequence,early
fig03_0562,NGVS,8.8,0.9199999999999982,True,red_sequence,early
fig03_0563,NGVS,5.8,0.5,False,red_sequence,early
fig03_0564,NGVS,5.4,0.6100000000000012,False,red_sequence,early
fig03_0565,NGVS,6.3,0.7300000000000004,False,red_sequence,early
fig03_0566,NGVS,8.4,0.5699999999999985,True,blue_cloud,late
fig03_0567,NGVS,7.4,0.8200000000000003,True,red_sequence,early
fig03_0568,NGVS,7.8,0.7599999999999998,True,red_sequence,early
fig03_0569,NGVS,6.5,0.870000000000001,False,red_sequence,early
fig03_0570,NGVS,9.5,0.8399999999999999,True,red_sequence,early
fig03_0571,NGVS,7.8,0.7900000000000009,True,red_sequence,early
fig03_0572,NGVS,8.1,0.8499999999999996,True,red_sequence,early
fig03_0573,NGVS,6.5,0.6699999999999999,False,red_sequence,early
fig03_0574,NGVS,6.8,0.7299999999999986,False,red_sequence,early
fig03_0575,NGVS,8.4,0.7800000000000011,False,red_sequence,early
fig03_0576,NGVS,6.2,0.5999999999999996,False,red_sequence,early
fig03_0577,NGVS,6.3,0.8499999999999996,False,red_sequence,early
fig03_0578,NGVS,5.8,0.5099999999999998,False,red_sequence,early
fig03_0579,NGVS,5.5,0.40000000000000036,False,red_sequence,early
fig03_0580,NGVS,5.6,0.9800000000000004,False,red_sequence,early
fig03_0581,NGVS,5.8,0.22999999999999865,False,blue_cloud,late
fig03_0582,NGVS,6.5,0.8399999999999999,False,red_sequence,early
fig03_0583,NGVS,5.6,0.9100000000000001,False,red_sequence,early
fig03_0584,NGVS,6.1,0.5999999999999996,False,red_sequence,early
fig03_0585,NGVS,7.5,0.5899999999999999,False,red_sequence,early
fig03_0586,NGVS,5.8,0.7200000000000006,False,red_sequence,early
fig03_0587,NGVS,7.5,0.7699999999999996,False,red_sequence,early
fig03_0588,NGVS,5.2,0.17999999999999972,True,blue_cloud,late
fig03_0589,NGVS,9.2,0.8100000000000023,False,red_sequence,early
fig03_0590,NGVS,6.2,0.7100000000000009,True,red_sequence,early
fig03_0591,NGVS,7.2,0.8099999999999987,False,red_sequence,early
fig03_0592,NGVS,5.6,0.7999999999999989,False,red_sequence,early
fig03_0593,NGVS,5.2,0.629999999999999,False,red_sequence,early
fig03_0594,NGVS,6.8,0.7899999999999991,False,red_sequence,early
fig03_0595,NGVS,6.1,0.5800000000000001,False,red_sequence,early
fig03_0596,NGVS,5.7,0.7300000000000004,False,red_sequence,early
fig03_0597,NGVS,5.2,0.870000000000001,False,red_sequence,early
fig03_0598,NGVS,5.6,0.4499999999999993,False,red_sequence,early
fig03_0599,NGVS,6.9,0.6899999999999995,False,red_sequence,early
fig03_0600,NGVS,6.5,0.8599999999999994,True,red_sequence,early
fig03_0601,NGVS,5.0,0.4599999999999991,False,red_sequence,early
fig03_0602,NGVS,7.2,0.7900000000000009,True,red_sequence,early
fig03_0603,NGVS,4.8,0.3199999999999994,False,red_sequence,early
fig03_0604,NGVS,6.7,1.200000000000001,True,red_sequence,early
fig03_0605,NGVS,5.7,0.620000000000001,False,red_sequence,early
fig03_0606,NGVS,6.3,0.9199999999999999,False,red_sequence,early
fig03_0607,NGVS,7.4,0.8999999999999986,False,red_sequence,early
fig03_0608,NGVS,6.4,0.6900000000000013,True,red_sequence,early
fig03_0609,NGVS,5.2,0.9600000000000009,False,red_sequence,early
fig03_0610,NGVS,8.7,0.8999999999999986,True,red_sequence,early
fig03_0611,NGVS,5.5,0.5999999999999996,False,red_sequence,early
fig03_0612,NGVS,6.4,0.8000000000000007,False,red_sequence,early
fig03_0613,NGVS,5.5,0.47000000000000064,False,red_sequence,early
fig03_0614,NGVS,6.6,0.6999999999999993,False,red_sequence,early
fig03_0615,NGVS,7.0,0.7400000000000002,False,red_sequence,early
fig03_0616,NGVS,5.7,0.6600000000000001,False,red_sequence,early
fig03_0617,NGVS,5.8,0.9600000000000009,False,red_sequence,early
fig03_0618,NGVS,8.6,0.5499999999999972,False,blue_cloud,late
fig03_0619,NGVS,6.8,0.7900000000000009,False,red_sequence,early
fig03_0620,NGVS,6.0,0.8000000000000007,False,red_sequence,early
fig03_0621,NGVS,7.2,0.7400000000000002,False,red_sequence,early
fig03_0622,NGVS,5.3,0.9800000000000004,False,red_sequence,early
fig03_0623,NGVS,5.5,0.7899999999999991,False,red_sequence,early
fig03_0624,NGVS,5.4,0.7199999999999989,False,red_sequence,early
fig03_0625,NGVS,5.2,0.9299999999999997,False,red_sequence,early
fig03_0626,NGVS,7.2,0.7699999999999996,True,red_sequence,early
fig03_0627,NGVS,7.5,0.7099999999999991,True,red_sequence,early
fig03_0628,NGVS,7.0,0.75,False,red_sequence,early
fig03_0629,NGVS,6.3,0.7799999999999994,True,red_sequence,early
fig03_0630,NGVS,7.4,0.8199999999999985,True,red_sequence,early
fig03_0631,NGVS,7.6,0.8499999999999996,True,red_sequence,early
fig03_0632,NGVS,6.7,1.0700000000000003,True,red_sequence,early
fig03_0633,NGVS,6.9,0.7199999999999989,True,red_sequence,early
fig03_0634,NGVS,9.0,0.9299999999999997,False,red_sequence,early
fig03_0635,NGVS,5.5,0.8900000000000006,False,red_sequence,early
fig03_0636,NGVS,6.3,0.7300000000000004,False,red_sequence,early
fig03_0637,NGVS,6.0,0.5100000000000016,False,red_sequence,early
fig03_0638,NGVS,6.8,0.7899999999999991,True,red_sequence,early
fig03_0639,NGVS,7.4,0.8200000000000003,True,red_sequence,early
fig03_0640,NGVS,8.5,0.8699999999999992,True,red_sequence,early
fig03_0641,NGVS,5.8,0.6799999999999997,False,red_sequence,early
fig03_0642,NGVS,6.1,0.6400000000000006,True,red_sequence,early
fig03_0643,NGVS,5.0,0.6000000000000014,False,red_sequence,early
fig03_0644,NGVS,7.0,1.1199999999999992,True,red_sequence,early
fig03_0645,G09,6.961891688000001,1.30044,True,red_sequence,early
fig03_0646,G09,7.559070036,0.6191800000000001,False,red_sequence,early
fig03_0647,G09,8.620087898000001,0.63399,False,blue_cloud,late
fig03_0648,G09,7.385105760000001,0.6488,True,red_sequence,early
fig03_0649,G09,8.477248656,0.76728,False,red_sequence,early
fig03_0650,G09,8.371427276,0.9153800000000001,False,red_sequence,early
fig03_0651,G09,7.649463000000001,0.9450000000000001,True,red_sequence,early
fig03_0652,G09,9.132516586000001,0.98943,False,red_sequence,early
fig03_0653,G09,7.221105760000001,0.6488,False,red_sequence,early
fig03_0654,G09,6.972962864,0.5303199999999999,False,red_sequence,early
fig03_0655,G09,7.383802106000001,0.39703,False,blue_cloud,late
fig03_0656,G09,7.360230794,0.75247,False,red_sequence,early
fig03_0657,G09,6.5269985880000005,0.5599400000000001,False,red_sequence,early
fig03_0658,G09,7.247212932,0.73766,False,red_sequence,early
fig03_0659,G09,6.056087898,0.63399,False,red_sequence,early
fig03_0660,G09,6.168891416000001,0.47108000000000017,False,red_sequence,early
fig03_0661,G09,7.3908556920000015,0.4414600000000001,False,blue_cloud,late
fig03_0662,G09,6.186927140000001,0.5006999999999999,False,red_sequence,early
fig03_0663,G09,6.753320104000001,0.8265200000000001,False,red_sequence,early
fig03_0664,G09,5.8879450019999995,0.5155099999999999,False,red_sequence,early
fig03_0665,G09,7.581748792,1.18196,True,red_sequence,early
fig03_0666,G09,6.935855964,1.27082,False,red_sequence,early
fig03_0667,G09,6.521605896000001,1.0634800000000002,False,red_sequence,early
fig03_0668,G09,8.120302242,0.8117100000000002,False,red_sequence,early
fig03_0669,G09,6.262855692000001,0.4414600000000001,False,red_sequence,early
fig03_0670,G09,9.342195070000002,0.72285,False,blue_cloud,late
fig03_0671,G09,6.817105760000001,0.6488,False,red_sequence,early
fig03_0672,G09,6.581105760000002,0.6488,False,red_sequence,early
fig03_0673,G09,8.20510576,0.6488,True,blue_cloud,late
fig03_0674,G09,7.143587762000001,0.21931,False,blue_cloud,late
fig03_0675,G09,7.197463,0.9450000000000001,False,red_sequence,early
fig03_0676,G09,7.16037369,0.8709499999999999,False,red_sequence,early
fig03_0677,G09,7.563802106000001,0.39703,False,blue_cloud,late
fig03_0678,G09,7.437105760000002,0.6488,True,red_sequence,early
fig03_0679,G09,6.7911414840000015,0.67842,False,red_sequence,early
fig03_0680,G09,7.126998588,0.5599400000000001,True,red_sequence,early
fig03_0681,G09,6.733320104000001,0.8265200000000001,False,red_sequence,early
fig03_0682,G09,7.745105760000002,0.6488,False,red_sequence,early
fig03_0683,G09,7.004891416000001,0.47108000000000017,False,blue_cloud,late
fig03_0684,G09,5.87603404,-0.2398,False,blue_cloud,late
fig03_0685,G09,6.4643022420000005,0.8117100000000002,False,red_sequence,early
fig03_0686,G09,7.746855692,0.4414600000000001,False,blue_cloud,late
fig03_0687,G09,6.7038021059999995,0.39703,False,blue_cloud,late
fig03_0688,G09,5.274998588000001,0.5599400000000001,False,red_sequence,early
fig03_0689,G09,7.3121593460000005,0.69323,False,red_sequence,early
fig03_0690,G09,7.4149271400000005,0.5006999999999999,False,blue_cloud,late
fig03_0691,G09,8.946927140000001,0.5006999999999999,False,blue_cloud,late
fig03_0692,G09,8.612516586000003,0.98943,True,red_sequence,early
fig03_0693,G09,5.79092714,0.5006999999999999,False,red_sequence,early
fig03_0694,G09,4.59310576,0.6488,False,red_sequence,early
fig03_0695,G09,7.748962864,0.5303199999999999,False,blue_cloud,late
fig03_0696,G09,8.100891416000001,0.47108000000000017,False,blue_cloud,late
fig03_0697,G09,8.046998588000001,0.5599400000000001,True,blue_cloud,late
fig03_0698,G09,6.841248656000002,0.76728,False,red_sequence,early
fig03_0699,G09,6.253391552000002,0.8857600000000001,False,red_sequence,early
fig03_0700,G09,5.775070036000001,0.6191800000000001,False,red_sequence,early
fig03_0701,G09,7.493034312,0.5895600000000001,False,red_sequence,early
fig03_0702,G09,8.023070036,0.6191800000000001,False,blue_cloud,late
fig03_0703,G09,8.330927140000002,0.5006999999999999,False,blue_cloud,late
fig03_0704,G09,7.924159345999999,0.69323,False,red_sequence,early
fig03_0705,G09,8.089248656,0.76728,False,red_sequence,early
fig03_0706,G09,8.191427276,0.9153800000000001,False,red_sequence,early
fig03_0707,G09,7.698998588,0.5599400000000001,False,blue_cloud,late
fig03_0708,G09,7.527141484000001,0.67842,False,red_sequence,early
fig03_0709,G09,6.306855692000001,0.4414600000000001,False,red_sequence,early
fig03_0710,G09,6.812891416000001,0.47108000000000017,False,blue_cloud,late
fig03_0711,G09,6.010712796000001,0.32297999999999993,False,blue_cloud,late
fig03_0712,G09,6.236748520000001,0.3526,False,blue_cloud,late
fig03_0713,G14,8.13361656226654,0.4106135452270508,True,blue_cloud,late
fig03_0714,G14,7.559283529361248,0.08276985788345331,True,blue_cloud,late
fig03_0715,G14,8.341034160490514,0.32865280103683464,True,blue_cloud,late
fig03_0716,G14,7.599587504355433,0.023162625312805163,True,blue_cloud,late
fig03_0717,G14,8.874784738417054,0.574536454772949,True,blue_cloud,late
fig03_0718,G14,9.020707956679727,0.5894373746871948,True,blue_cloud,late
fig03_0719,G14,8.764405706334783,0.6490460284233093,True,blue_cloud,late
fig03_0720,G14,9.587800320229054,0.768261914730072,True,blue_cloud,late
fig03_0721,G14,8.724882405791474,0.3584567726135253,True,blue_cloud,late
fig03_0722,G14,9.803928342917729,0.93963457365036,True,red_sequence,early
fig03_0723,G14,8.715216468868066,0.6863011705398558,True,blue_cloud,late
fig03_0724,G14,8.728428614370538,0.44786939792633057,True,blue_cloud,late
fig03_0725,G14,8.379692878407765,0.395711914730072,True,blue_cloud,late
fig03_0726,G14,8.8660495365119,0.5223789715766907,True,blue_cloud,late
fig03_0727,G14,9.986738693463709,0.9768897157669065,True,red_sequence,early
fig03_0728,G14,8.892405202794743,0.6490460284233093,True,blue_cloud,late
fig03_0729,G14,9.153640370570852,0.20943691473007203,True,blue_cloud,late
fig03_0730,G14,9.227974067436508,0.5372813126564024,True,blue_cloud,late
fig03_0731,G14,9.931951189918328,0.7384579431533813,True,blue_cloud,late
fig03_0732,G14,9.25210227323065,0.7086539715766906,True,blue_cloud,late
fig03_0733,G14,7.424086829357243,-0.4686039715766907,True,blue_cloud,late
fig03_0734,G14,8.153359799726104,0.06786822738647452,True,blue_cloud,late
fig03_0735,G14,8.738936447339727,0.5447324831962586,True,blue_cloud,late
fig03_0736,G14,9.435821816623784,0.56708457365036,True,blue_cloud,late
fig03_0737,G14,10.353420880075694,0.8427718436717986,True,blue_cloud,late
fig03_0738,G14,9.430677716009427,0.20198574419021603,True,blue_cloud,late
fig03_0739,G14,10.377444158238601,0.6415955684661865,True,blue_cloud,late
fig03_0740,G14,10.43326903382392,0.8725758152484893,True,blue_cloud,late
fig03_0741,G14,10.230459129699042,0.8353210284233092,True,blue_cloud,late
fig03_0742,G14,7.448238004222299,-0.4984079431533814,True,blue_cloud,late
fig03_0743,G14,9.040882772002412,0.3584567726135253,True,blue_cloud,late
fig03_0744,G14,7.82049601055708,-0.15566191473007207,True,blue_cloud,late
fig03_0745,G14,9.044125440665818,0.5074773410797118,True,blue_cloud,late
fig03_0746,G14,9.146807165597917,0.3733591136932372,True,blue_cloud,late
fig03_0747,G14,9.371519383173371,0.6266932273864745,True,blue_cloud,late
fig03_0748,G14,9.417898193800164,0.5521829431533813,True,blue_cloud,late
fig03_0749,G14,8.71217036389513,0.1051233695030212,True,blue_cloud,late
fig03_0750,G14,9.000124914034558,0.5074766304969787,True,blue_cloud,late
fig03_0751,G14,6.494617478809452,-0.5729175168037415,True,blue_cloud,late
fig03_0752,G14,8.94159444026146,0.6117908863067627,True,blue_cloud,late
fig03_0753,G14,8.413208258650112,0.0976721989631652,True,blue_cloud,late
fig03_0754,G14,7.366616837940311,-0.5729175168037415,True,blue_cloud,late
fig03_0755,G14,9.207216667232323,0.6863011705398558,True,blue_cloud,late
fig03_0756,G14,9.285163488008692,0.5000261705398559,True,blue_cloud,late
fig03_0757,G14,9.43313971022196,0.7012028010368345,True,blue_cloud,late
fig03_0758,G14,9.220882695708466,0.3584567726135253,True,blue_cloud,late
fig03_0759,G14,9.976080517436506,0.9098313126564024,True,red_sequence,early
fig03_0760,G14,9.217746805312062,0.581986914730072,True,blue_cloud,late
fig03_0761,G14,8.312147776293946,0.30629999999999996,True,blue_cloud,late
fig03_0762,G14,9.517898193800164,0.5521829431533813,True,blue_cloud,late
fig03_0763,G14,9.906156184876156,0.8949289715766906,True,red_sequence,early
fig03_0764,G14,9.380708185561565,0.5894373746871948,True,blue_cloud,late
fig03_0765,G14,9.025920964506817,0.35100631265640253,True,blue_cloud,late
fig03_0766,G14,9.864708483310988,0.5894380852699279,True,blue_cloud,late
fig03_0767,G14,9.953140167985632,0.7012028010368345,True,blue_cloud,late
fig03_0768,G14,9.110352557628728,0.46277102842330925,True,blue_cloud,late
fig03_0769,G14,8.948254333105469,0.67885,True,blue_cloud,late
fig03_0770,G14,8.346829089238739,0.17218177261352535,True,blue_cloud,late
fig03_0771,G14,9.379215362402821,0.6863004599571227,True,blue_cloud,late
fig03_0772,G14,10.132511568668367,1.0215953178405761,True,red_sequence,early
fig03_0773,G14,9.806654579091838,0.4031623746871948,True,blue_cloud,late
fig03_0774,G14,10.857072680246352,1.304734113693237,True,red_sequence,early
fig03_0775,G14,9.626565152452947,1.2078710284233092,True,red_sequence,early
fig03_0776,G14,9.775474582014368,1.029047198963165,True,red_sequence,early
fig03_0777,G14,8.496018990665817,0.13492734107971188,True,blue_cloud,late
fig03_0778,G14,7.639480115736867,-0.349388085269928,True,blue_cloud,late
fig03_0779,G14,9.903648535012438,0.7980658863067627,True,blue_cloud,late
fig03_0780,G14,8.798223199592973,0.29139765892028807,True,blue_cloud,late
fig03_0781,G14,9.944989359331514,0.7310067726135252,True,blue_cloud,late
fig03_0782,G14,8.19922284182396,-0.6921341136932373,True,blue_cloud,late
fig03_0783,G14,9.633444295567704,0.6415955684661865,True,blue_cloud,late
fig03_0784,G14,10.312685468463709,0.7906147157669066,True,blue_cloud,late
fig03_0785,G14,9.801897064649774,0.5521829431533813,True,blue_cloud,late
fig03_0786,G14,9.203413238349151,0.2541432273864746,True,blue_cloud,late
fig03_0787,G14,8.307761381059553,-0.20781868734359743,True,blue_cloud,late
fig03_0788,G14,9.466980554020786,0.14237780103683467,True,blue_cloud,late
fig03_0789,G14,8.827283559878827,0.08276985788345331,True,blue_cloud,late
fig03_0790,G14,8.119373925136282,-0.721938085269928,True,blue_cloud,late
fig03_0791,G14,7.636691612537766,-0.5878205684661866,True,blue_cloud,late
fig03_0792,G14,2.9117114405326854,-3.7395932273864747,True,blue_cloud,late
fig03_0793,G14,9.752814704429152,0.9619880852699279,True,red_sequence,early
fig03_0794,G14,9.842610029905893,0.8055170568466186,True,blue_cloud,late
fig03_0795,G14,9.236276363557815,0.47767265892028804,True,blue_cloud,late
fig03_0796,G14,9.483692969960499,0.395711914730072,True,blue_cloud,late
fig03_0797,G14,8.458527250881101,0.2317904263496398,True,blue_cloud,late
fig03_0798,G14,7.870851844686603,-0.028994857883453407,True,blue_cloud,late
fig03_0799,G14,8.257358845848753,0.06786751680374142,True,blue_cloud,late
fig03_0800,G14,9.648579415192222,0.4180647157669067,True,blue_cloud,late
fig03_0801,G14,10.728814254091835,0.9619873746871948,True,blue_cloud,late
fig03_0802,G14,9.138548434267618,0.0306123746871948,True,blue_cloud,late
fig03_0803,G14,9.610632747003748,0.6043397157669066,True,blue_cloud,late
fig03_0804,G14,8.338139062535955,-0.2823289715766907,True,blue_cloud,late
fig03_0805,G14,7.982200909741211,0.49257499999999993,True,blue_cloud,late
fig03_0806,G14,10.089269029907705,0.8725754599571227,True,blue_cloud,late
fig03_0807,G14,9.789140229020788,0.7012028010368345,True,blue_cloud,late
fig03_0808,G14,8.967519673090363,0.6266932273864745,True,blue_cloud,late
fig03_0809,G14,10.36291326464577,0.7459091136932372,True,blue_cloud,late
fig03_0810,G14,8.921055626367666,0.12747545995712278,True,blue_cloud,late
fig03_0811,G14,7.713123686514569,-0.47605514211654665,True,blue_cloud,late
fig03_0812,G14,7.66951117295542,0.0380642558097839,True,blue_cloud,late
fig03_0813,G14,7.871306773090363,-0.11840677261352545,True,blue_cloud,late
fig03_0814,G14,6.842660898845006,-0.9752721989631652,True,blue_cloud,late
fig03_0815,G14,10.62466343801136,0.9917920568466185,True,red_sequence,early
fig03_0816,G14,9.651086683586216,0.5149278010368348,True,blue_cloud,late
fig03_0817,G14,8.440473117780114,0.04551471576690669,True,blue_cloud,late
fig03_0818,G14,9.784405401159002,0.6490460284233093,True,blue_cloud,late
fig03_0819,G14,8.923692741078662,0.395711914730072,True,blue_cloud,late
fig03_0820,G14,8.802504144481087,0.43296705684661857,True,blue_cloud,late
fig03_0821,G14,8.42875303249693,0.18708340311050414,True,blue_cloud,late
fig03_0822,G14,9.219239148021986,0.48512454004287714,True,blue_cloud,late
fig03_0823,G14,9.374655273569775,0.4031630852699279,True,blue_cloud,late
fig03_0824,G14,7.500736444214344,-0.9901745400428772,True,blue_cloud,late
fig03_0825,G14,8.449533401772024,-0.16311308526992802,True,blue_cloud,late
fig03_0826,G14,8.362677304022123,0.20198574419021603,True,blue_cloud,late
fig03_0827,G14,8.669488585354234,0.2392408863067627,True,blue_cloud,late
fig03_0828,G14,8.858958447274494,0.34355514211654664,True,blue_cloud,late
fig03_0829,G14,7.845055794214345,0.12747545995712278,True,blue_cloud,late
fig03_0830,G14,4.985213975478078,-1.2807630852699279,True,blue_cloud,late
fig03_0831,G14,8.410699944826032,0.000808403110504119,True,blue_cloud,late
fig03_0832,G14,9.986761380043985,0.7757123746871948,True,blue_cloud,late
fig03_0833,G14,10.562610869139291,0.8055170568466186,True,blue_cloud,late
fig03_0834,G14,8.674980737126255,0.14237780103683467,True,blue_cloud,late
fig03_0835,G14,9.535951281471062,0.7384579431533813,True,blue_cloud,late
fig03_0836,G14,9.751995777454283,0.33610397157669064,True,blue_cloud,late
fig03_0837,G14,9.268147532153321,0.30629999999999996,True,blue_cloud,late
fig03_0838,G14,9.515822785759925,0.5670852842330931,True,blue_cloud,late
fig03_0839,G14,9.483822816277504,0.5670852842330931,True,blue_cloud,late
fig03_0840,G14,8.682874424455356,-0.23017219896316532,True,blue_cloud,late
fig03_0841,G14,9.107110171455957,0.31375117053985596,True,blue_cloud,late
fig03_0842,G14,9.648254333105468,0.67885,True,blue_cloud,late
fig03_0843,G14,10.483322995162013,1.0588511705398558,True,red_sequence,early
fig03_0844,G14,9.464580826833249,0.4180654263496399,True,blue_cloud,late
fig03_0845,G14,8.191671229425145,0.5968892558097838,True,blue_cloud,late
fig03_0846,G14,9.248276920706655,0.47767336950302125,True,blue_cloud,late
fig03_0847,G14,9.17498101961689,0.14237851161956788,True,blue_cloud,late
fig03_0848,G14,9.508898749933435,1.5357147157669067,True,red_sequence,early
fig03_0849,G14,10.51253369850588,0.8204186873435972,True,blue_cloud,late
fig03_0850,G14,6.158100222345545,-1.2584102842330933,True,blue_cloud,late
fig03_0851,G14,9.660534415668966,0.8204186873435972,True,blue_cloud,late
fig03_0852,G14,9.719345361307717,0.857673829460144,True,red_sequence,early
fig03_0853,G14,8.919131606815531,0.11257382946014399,True,blue_cloud,late
fig03_0854,G14,7.972064478470326,-0.2674266304969788,True,blue_cloud,late
fig03_0855,G14,8.268238461985971,-0.4984079431533814,True,blue_cloud,late
fig03_0856,G14,9.28650377827015,0.43296705684661857,True,blue_cloud,late
fig03_0857,G14,7.659525084742546,-0.7517420568466187,True,blue_cloud,late
fig03_0858,G14,10.73912646982155,1.491009113693237,True,red_sequence,early
fig03_0859,G14,10.177292105790139,0.6713988294601438,True,blue_cloud,late
fig03_0860,G14,9.543928114035893,0.93963457365036,True,red_sequence,early
fig03_0861,G14,9.935952326901152,0.7384586537361144,True,blue_cloud,late
fig03_0862,G14,9.354912700070573,0.7459091136932372,True,blue_cloud,late
fig03_0863,G14,9.980534491962912,0.8204186873435972,True,blue_cloud,late
fig03_0864,G14,9.351367918391324,0.6564971989631652,True,blue_cloud,late
fig03_0865,G14,9.839822190667151,0.5670852842330931,True,blue_cloud,late
fig03_0866,G14,8.891260529772758,0.28394648838043207,True,blue_cloud,late
fig03_0867,G14,8.955715015671634,0.19453457365036003,True,blue_cloud,late
fig03_0868,G14,10.61761098276768,1.7890488294601439,True,red_sequence,early
fig03_0869,G14,5.837729789783383,-0.5952710284233094,True,blue_cloud,late
fig03_0870,G14,5.229948955927754,-1.2286063126564026,True,blue_cloud,late
fig03_0871,G14,7.946222772346879,0.29139765892028807,True,blue_cloud,late
fig03_0872,G14,7.697942628748227,0.14982897157669067,True,blue_cloud,late
fig03_0873,G14,7.8220941850830075,0.12002499999999999,True,blue_cloud,late
fig03_0874,G14,8.016450644822884,0.2466920568466186,True,blue_cloud,late
fig03_0875,G14,8.729488051296617,0.2392408863067627,True,blue_cloud,late
fig03_0876,G14,8.20432128678713,0.07531868734359742,True,blue_cloud,late
fig03_0877,G14,9.198025773983955,0.7235556020736693,True,blue_cloud,late
fig03_0878,G14,8.511563764512635,0.2243385452270507,True,blue_cloud,late
fig03_0879,G14,9.068276714509965,0.47767265892028804,True,blue_cloud,late
fig03_0880,G14,8.793920995024395,0.35100631265640253,True,blue_cloud,late
fig03_0881,G14,9.787216209468653,0.6863011705398558,False,blue_cloud,late
fig03_0882,G14,6.08209479543457,0.12002499999999999,False,blue_cloud,late
fig03_0883,G14,8.690830378809453,0.17218248319625856,False,blue_cloud,late
fig03_0884,G14,7.85705673283291,0.12747617053985588,False,blue_cloud,late
fig03_0885,G14,6.080018341964245,0.13492663049697867,False,blue_cloud,late
fig03_0886,G14,8.831973777519515,0.5372813126564024,False,blue_cloud,late
fig03_0887,G14,9.878633060011959,0.6043404263496397,False,blue_cloud,late
fig03_0888,G14,9.42925389904251,-0.3046817726135254,False,blue_cloud,late
fig03_0889,G14,9.899473322961237,1.029046488380432,False,red_sequence,early
fig03_0890,G14,8.547496627725508,0.8278698578834534,False,red_sequence,early
fig03_0891,G14,10.07013381873045,1.0961063126564026,False,red_sequence,early
fig03_0892,G14,9.26215594073553,0.8949289715766906,False,red_sequence,early
fig03_0893,G14,8.869920827177715,0.35100631265640253,False,blue_cloud,late
fig03_0894,G14,10.444837207903959,0.7608107441902159,False,blue_cloud,late
fig03_0895,G14,8.957185152250101,0.29884882946014396,False,blue_cloud,late
fig03_0896,G14,8.024708712192822,0.5894380852699279,False,blue_cloud,late
fig03_0897,G14,9.09731372425518,0.47022148838043204,False,blue_cloud,late
fig03_0898,G14,9.207928434470462,0.93963457365036,False,red_sequence,early
fig03_0899,G14,8.565140061174109,0.7012028010368345,False,blue_cloud,late
fig03_0900,G14,9.71815531512518,0.8949289715766906,False,red_sequence,early
fig03_0901,G14,9.47696559680357,0.9321834031105041,False,red_sequence,early
fig03_0902,G14,9.010958493050863,0.34355514211654664,False,blue_cloud,late
fig03_0903,G14,8.437595111648179,0.6117908863067627,False,blue_cloud,late
fig03_0904,G14,8.05375236212578,-0.7964476589202881,False,blue_cloud,late
fig03_0905,G14,8.816427675751973,0.44786868734359736,False,blue_cloud,late
fig03_0906,G14,10.465852873842335,0.954536914730072,False,red_sequence,early
fig03_0907,G14,9.39792108657713,0.35100631265640253,False,blue_cloud,late
fig03_0908,G14,9.841595203200914,0.6117908863067627,False,blue_cloud,late
fig03_0909,G14,10.192231226705456,0.8800266304969786,False,blue_cloud,late
fig03_0910,G14,8.951800541684532,0.7682626253128051,False,red_sequence,early
fig03_0911,G14,10.793982979558756,1.1259102842330933,False,red_sequence,early
fig03_0912,G14,10.289571425414183,0.8129675168037414,False,blue_cloud,late
fig03_0913,G14,9.653466676972199,0.44041822738647457,False,blue_cloud,late
fig03_0914,G14,8.929616852183532,0.4106135452270508,False,blue_cloud,late
fig03_0915,G14,10.82509501587448,1.1035567726135254,False,red_sequence,early
fig03_0916,G14,9.561921025541974,0.35100631265640253,False,blue_cloud,late
fig03_0917,G14,10.147950793189812,0.7384579431533813,False,blue_cloud,late
fig03_0918,G14,8.976859101027204,0.5596334031105041,False,blue_cloud,late
fig03_0919,G14,8.300624353680325,0.01571074419021601,False,blue_cloud,late
fig03_0920,G14,10.235216926631738,0.6863011705398558,False,blue_cloud,late
fig03_0921,G14,10.232708513828566,0.5894380852699279,False,blue_cloud,late
fig03_0922,G14,9.085360150678252,0.06786822738647452,False,blue_cloud,late
fig03_0923,G14,6.738828906133271,0.17218177261352535,False,blue_cloud,late
fig03_0924,G14,10.434716724046517,1.1780670568466185,False,red_sequence,early
fig03_0925,G14,6.894532525204183,-1.1466448578834534,False,blue_cloud,late
fig03_0926,G14,8.682526655788328,0.2317904263496398,False,blue_cloud,late
fig03_0927,G14,7.367395803000738,-0.92311542634964,False,blue_cloud,late
fig03_0928,G14,8.991003026978017,-0.05879954004287724,False,blue_cloud,late
fig03_0929,G14,9.349640279018116,0.20943691473007203,False,blue_cloud,late
fig03_0930,G14,8.019737923707389,-0.006642056846618671,False,blue_cloud,late
fig03_0931,G14,10.198761937192822,0.7757130852699279,False,blue_cloud,late
fig03_0932,G14,7.471889739441586,-0.03644602842330935,False,blue_cloud,late
fig03_0933,G14,10.564965703615092,0.9321834031105041,False,blue_cloud,late
fig03_0934,G14,6.219048843049526,-0.46115280103683476,False,blue_cloud,late
fig03_0935,G14,9.576275753206254,0.47767265892028804,False,blue_cloud,late
fig03_0936,G14,9.143844968800163,0.3659079431533813,False,blue_cloud,late
fig03_0937,G14,10.826239406405831,1.4686556020736694,False,red_sequence,early
fig03_0938,G14,10.463018714992048,1.118458403110504,False,red_sequence,early
fig03_0939,G14,9.731065065121173,0.7161051421165465,False,blue_cloud,late
fig03_0940,G14,9.389920239511302,0.35100560207366943,False,blue_cloud,late
fig03_0941,G14,9.487928640667151,0.9396352842330931,False,red_sequence,early
fig03_0942,G14,10.332254348364257,0.67885,False,blue_cloud,late
fig03_0943,G14,10.883171225204181,1.0886551421165465,False,red_sequence,early
fig03_0944,G14,9.96706446219597,0.7161044315338134,False,blue_cloud,late
fig03_0945,G14,8.432625368592836,0.015711454772949163,False,blue_cloud,late
fig03_0946,G14,8.788640407905293,1.1929686873435974,False,red_sequence,early
fig03_0947,G14,6.535305666625119,-0.1184074831962586,False,blue_cloud,late
fig03_0948,G14,9.703087774792673,0.5149285116195679,False,blue_cloud,late
fig03_0949,G14,4.987851471658804,-1.0125266304969787,False,blue_cloud,late
fig03_0950,G14,8.97675336819029,0.18708340311050414,False,blue_cloud,late
fig03_0951,G14,6.989079671386243,-0.07370045995712282,False,blue_cloud,late
fig03_0952,ACSVCS,11.748769367375935,1.2015068209818751,False,red_sequence,early
fig03_0953,ACSVCS,11.587420582433886,1.1992953116193805,False,red_sequence,early
fig03_0954,ACSVCS,11.493286399963294,1.2083627685573026,False,red_sequence,early
fig03_0955,ACSVCS,11.228947737032083,1.0110927277392838,False,blue_cloud,late
fig03_0956,ACSVCS,11.375319104100933,1.1280840835717096,False,red_sequence,early
fig03_0957,ACSVCS,11.157426313014515,1.1487612891642358,True,red_sequence,early
fig03_0958,ACSVCS,11.750118114171013,1.2037183303443697,False,red_sequence,early
fig03_0959,ACSVCS,11.130589823610467,1.1244346861767955,False,red_sequence,early
fig03_0960,ACSVCS,11.10209928221828,1.1673391397264377,False,red_sequence,early
fig03_0961,ACSVCS,10.655984887084722,1.1332807236267737,False,red_sequence,early
fig03_0962,ACSVCS,10.285473568817677,1.075890847187415,True,red_sequence,early
fig03_0963,ACSVCS,10.668012051376595,1.1035360610963256,False,red_sequence,early
fig03_0964,ACSVCS,10.568077459407917,1.1465497798017412,False,red_sequence,early
fig03_0965,ACSVCS,10.605722175428696,1.1008817086386868,True,red_sequence,early
fig03_0966,ACSVCS,10.146182812713327,1.1226661217391714,True,red_sequence,early
fig03_0967,ACSVCS,10.48815095814999,1.1234396494780332,False,red_sequence,early
fig03_0968,ACSVCS,10.35607756621944,1.1465497798017412,False,red_sequence,early
fig03_0969,ACSVCS,11.748769367375935,1.2015068209818751,False,red_sequence,early
fig03_0970,ACSVCS,10.27798031025265,1.1043096824264005,False,red_sequence,early
fig03_0971,ACSVCS,10.38589683055844,1.1489827086521796,False,red_sequence,early
fig03_0972,ACSVCS,10.376197211281774,1.1300741734462605,False,red_sequence,early
fig03_0973,ACSVCS,10.13903460677999,1.0748958022501394,True,red_sequence,early
fig03_0974,ACSVCS,10.221251139085942,1.1006602891507429,False,red_sequence,early
fig03_0975,ACSVCS,10.230858463209852,1.1062997723009511,True,red_sequence,early
fig03_0976,ACSVCS,10.176687957666088,1.0871698134878316,False,red_sequence,early
fig03_0977,ACSVCS,10.190822407165488,1.0781023565499095,True,red_sequence,early
fig03_0978,ACSVCS,10.154238923123534,1.1077376644526273,False,red_sequence,early
fig03_0979,ACSVCS,9.99128395254734,1.0203816082844064,True,red_sequence,early
fig03_0980,ACSVCS,10.105955676221042,0.9750443153562824,True,red_sequence,early
fig03_0981,ACSVCS,10.04841081029617,1.0473626532014424,True,red_sequence,early
fig03_0982,ACSVCS,10.035819860351562,1.0636167423585094,True,red_sequence,early
fig03_0983,ACSVCS,9.880059706420507,1.030665623238761,False,red_sequence,early
fig03_0984,ACSVCS,9.844761410631794,1.0640596831641234,False,red_sequence,early
fig03_0985,ACSVCS,9.848865186320232,0.9762607797815018,False,red_sequence,early
fig03_0986,ACSVCS,9.866461304566666,1.0829682183700429,True,red_sequence,early
fig03_0987,ACSVCS,9.717393396779727,0.8820487760378533,True,red_sequence,early
fig03_0988,ACSVCS,9.960280889340238,1.0854011472204812,True,red_sequence,early
fig03_0989,ACSVCS,9.712476919429538,1.0108713041320834,True,red_sequence,early
fig03_0990,ACSVCS,9.858517430235663,1.0680397610834986,False,red_sequence,early
fig03_0991,ACSVCS,9.802258898683192,1.064611787295785,True,red_sequence,early
fig03_0992,ACSVCS,9.754517720152656,1.0680397610834986,True,red_sequence,early
fig03_0993,ACSVCS,9.87228865023236,1.2228482891574894,False,red_sequence,early
fig03_0994,ACSVCS,9.652771753679232,1.0424966977900958,True,red_sequence,early
fig03_0995,ACSVCS,9.58673116657916,0.9853282408386804,True,red_sequence,early
fig03_0996,ACSVCS,9.706341506916443,1.0994438247255236,True,red_sequence,early
fig03_0997,ACSVCS,9.752900419192242,1.083963263307318,True,red_sequence,early
fig03_0998,ACSVCS,9.329088749424574,0.8719862782819122,True,red_sequence,early
fig03_0999,ACSVCS,9.630342820882282,1.0199387610700055,True,red_sequence,early
fig03_1000,ACSVCS,9.327083157174572,0.9225202071458436,True,red_sequence,early
fig03_1001,ACSVCS,9.162954251636572,0.8810537311005778,True,red_sequence,early
fig03_1002,ACSVCS,9.277639484782819,1.0660497689194177,True,red_sequence,early
fig03_1003,ACSVCS,9.156821133874038,0.8106161285022386,False,red_sequence,early
fig03_1004,ACSVCS,10.246823309144025,0.9985972928943914,False,red_sequence,early
fig03_1005,ACSVCS,9.220466859671221,1.0324341959148982,True,red_sequence,early
fig03_1006,ACSVCS,8.632970036858358,0.8089568209818752,False,red_sequence,early
fig03_1007,ACSVCS,9.03374445487902,0.8987458060005344,True,red_sequence,early
fig03_1008,ACSVCS,9.036210825349205,0.8699961884073615,True,red_sequence,early
fig03_1009,ACSVCS,8.955388804688864,0.8530777348374798,True,red_sequence,early
fig03_1010,ACSVCS,9.238389917469684,0.9470682255019713,True,red_sequence,early
fig03_1011,ACSVCS,9.481426099391468,1.1487612891642358,False,red_sequence,early
fig03_1012,ACSVCS,9.17151660988407,0.9740492745382637,True,red_sequence,early
fig03_1013,ACSVCS,9.070215158040652,0.8989672296077348,True,red_sequence,early
fig03_1014,ACSVCS,9.156448045489514,0.9960550094162227,True,red_sequence,early
fig03_1015,ACSVCS,9.017041094380662,0.9448567161394769,True,red_sequence,early
fig03_1016,ACSVCS,8.98872880569147,0.7973470723272711,True,red_sequence,early
fig03_1017,ACSVCS,8.890603442702373,0.8643567093764096,False,red_sequence,early
fig03_1018,ACSVCS,9.210824396740268,0.9190922333581298,True,red_sequence,early
fig03_1019,ACSVCS,8.975573857782521,0.8796158471874148,True,red_sequence,early
fig03_1020,ACSVCS,8.524738730632917,0.775784184663713,True,red_sequence,early
fig03_1021,ACSVCS,8.76269585992544,0.8776257614321206,True,red_sequence,early
fig03_1022,ACSVCS,8.664970006340779,0.8089568209818752,False,red_sequence,early
fig03_1023,ACSVCS,8.427551260905286,0.5913403060106542,False,blue_cloud,late
fig03_1024,ACSVCS,8.453287193822511,0.6384463078824785,True,blue_cloud,late
fig03_1025,ACSVCS,8.483669818371379,0.6543697591914349,False,blue_cloud,late
fig03_1026,ACSVCS,8.638669946052019,0.8278653561877944,True,red_sequence,early
fig03_1027,ACSVCS,8.023776760980347,0.32805572399563526,False,blue_cloud,late
fig03_1028,ACSVCS,8.876938868167773,0.9531506494577936,True,red_sequence,early
fig03_1029,ACSVCS,9.215772870575686,1.1364872779265438,True,red_sequence,early
fig03_1030,ACSVCS,8.463715890909926,0.6610042872789186,False,blue_cloud,late
fig03_1031,ACSVCS,8.763786209984914,0.8764092928876448,True,red_sequence,early
fig03_1032,ACSVCS,8.34214377094367,0.7630672367396634,False,red_sequence,early
fig03_1033,ACSVCS,8.86063272734776,1.0225931135276445,True,red_sequence,early
fig03_1034,ACSVCS,8.860173476716469,0.9213037386013679,True,red_sequence,early
fig03_1035,ACSVCS,8.421569365875314,0.8506447123958283,True,red_sequence,early
fig03_1036,ACSVCS,8.605357135743231,0.8538512666955982,True,red_sequence,early
fig03_1037,ACSVCS,8.559351763744145,0.9043852891507428,True,red_sequence,early
fig03_1038,ACSVCS,9.015470321210236,0.9674147423315235,True,red_sequence,early
fig03_1039,ACSVCS,8.713078519307345,0.8935491659454703,True,red_sequence,early
fig03_1040,ACSVCS,8.265403513457564,0.8604857947830818,True,red_sequence,early
fig03_1041,ACSVCS,8.69791049040224,0.8889047236132808,True,red_sequence,early
fig03_1042,ACSVCS,8.348573948040388,0.7061202033954487,True,red_sequence,early
fig03_1043,ACSVCS,8.76494522966,1.1701027573398501,True,red_sequence,early
fig03_1044,ACSVCS,8.424840042120715,0.8469953191201706,True,red_sequence,early
fig03_1045,ACSVCS,8.555998272270315,0.8732027385878749,True,red_sequence,early
fig03_1046,ACSVCS,8.716828848989792,0.9480632704392467,True,red_sequence,early
fig03_1047,ACSVCS,8.417449705554192,0.8671203187513091,True,red_sequence,early
fig03_1048,ACSVCS,8.845809135650311,0.8176935932760797,False,red_sequence,early
fig03_1049,ACSVCS,8.194873314949184,0.7667167236065342,True,red_sequence,early
fig03_1050,ACSVCS,8.792875211445333,0.9546977985267303,True,red_sequence,early
fig03_1051,L05,11.575076107800001,1.3174890000000001,False,red_sequence,early
fig03_1052,L05,10.9376661292,1.1709460000000003,False,red_sequence,early
fig03_1053,L05,11.135440170000003,1.35135,False,red_sequence,early
fig03_1054,L05,10.6601618396,1.249098,True,red_sequence,early
fig03_1055,L05,10.679558329400002,1.1639970000000002,True,red_sequence,early
fig03_1056,L05,10.707002418800002,1.100794,True,red_sequence,early
fig03_1057,L05,11.2614212118,1.2710089999999998,False,red_sequence,early
fig03_1058,L05,11.3511406598,1.4422490000000001,False,red_sequence,early
fig03_1059,L05,11.110439612200004,1.1031110000000002,False,red_sequence,early
fig03_1060,L05,10.274189136,1.2536800000000001,False,red_sequence,early
fig03_1061,L05,10.944491563600003,1.264718,True,red_sequence,early
fig03_1062,L05,10.444348039800001,1.2281490000000002,False,red_sequence,early
fig03_1063,L05,10.876584708400001,1.304642,False,red_sequence,early
fig03_1064,L05,10.3822871224,1.224212,True,red_sequence,early
fig03_1065,L05,10.848542032000001,1.3621600000000003,False,red_sequence,early
fig03_1066,L05,10.8961352118,1.237009,False,red_sequence,early
fig03_1067,L05,10.899205563600002,1.230718,False,red_sequence,early
fig03_1068,L05,10.5802458396,1.245098,True,red_sequence,early
fig03_1069,L05,10.907910556800001,1.279984,False,red_sequence,early
fig03_1070,L05,10.7081590602,1.2743509999999998,False,red_sequence,early
fig03_1071,L05,11.3811909086,1.263693,True,red_sequence,early
fig03_1072,L05,10.8545760534,1.0516169999999998,False,red_sequence,early
fig03_1073,L05,10.9107182322,1.151211,False,red_sequence,early
fig03_1074,L05,11.0298138746,1.172023,False,red_sequence,early
fig03_1075,L05,11.392260722000001,1.4401100000000002,False,red_sequence,early
fig03_1076,L05,11.2821205568,1.269984,False,red_sequence,early
fig03_1077,L05,11.694914928000001,1.8506399999999998,False,red_sequence,early
fig03_1078,L05,9.8059469164,1.1796820000000003,False,red_sequence,early
fig03_1079,L05,11.750671528600002,1.349793,False,red_sequence,early
fig03_1080,L05,9.654818934,0.06416999999999995,False,blue_cloud,late
